"","lower","upper"
"C000",5,0
"C001",3,0
"C002",3,0
"C003",1,0
"C004",1,0
"C005",1,0
"C006",2,0
"C007",1,0
"C008",1,0
"C009",3,0
"C010",1,0
"C011",3,0
"C012",3,0
"C013",1,0
"C015",1,0
"C016",3,0
"C017",2,0
"C018",1,0
"C019",2,0
"C020",1,0
"C021",1,0
"C022",1,0
"C023",1,0
"C024",1,0
"C025",1,0
"C026",1,0
"C027",1,0
"C028",3,0
"C029",2,0
"C030",3,0
"C031",1,0
"C032",1,0
"C033",1,0
"C034",1,0
"C035",1,0
"C036",1,0
"C037",1,0
"C038",2,0
"C039",2,0
"C040",1,0
"C041",1,0
"C042",1,0
"C043",2,0
"C044",1,0
"C045",1,0
"C046",1,0
"C047",1,0
"C048",4,0
"C049",1,0
"C050",4,0
"C051",4,0
"C052",1,0
"C053",1,0
"C054",1,0
"C055",1,0
"C056",1,0
"C057",1,0
"C058",1,0
"C059",2,0
"C060",1,0
"C061",3,0
"C062",4,0
"C063",1,0
"C064",1,0
"C065",1,0
"C066",1,0
"C067",3,0
"C068",2,0
"C069",1,0
"C070",1,0
"C071",2,0
"C072",1,0
"C073",1,0
"C074",1,0
"C075",4,0
"C076",1,0
"C077",3,0
"C078",2,0
"C079",2,0
"C080",1,0
"C081",1,0
"C082",1,0
"C083",4,0
"C084",3,0
"C085",1,0
"C086",1,0
"C087",1,0
"C088",1,0
"C090",1,0
"C091",2,0
"C092",2,0
"C093",1,0
"C094",2,0
"C095",3,0
"C096",4,0
"C097",2,0
"C098",3,0
"C099",1,0
"C100",1,0
"C101",2,0
"C102",1,0
"C103",1,0
"C104",2,0
"C105",3,0
"C110",1,0
"C111",2,0
"C112",1,0
"C113",2,0
"C114",1,0
"C115",1,0
"C116",1,0
"C117",4,0
"C118",1,0
"C119",2,0
"C120",1,0
"C121",1,0
"C122",3,0
"C123",1,0
"C124",1,0
"C125",1,0
"C126",1,0
"C127",1,0
"C128",1,0
"C129",10,0
"C130",1,0
"C131",1,0
"C132",1,0
"C133",1,0
"C134",2,0
"C135",1,0
"C136",1,0
"C137",1,0
"C138",4,0
"C139",1,0
"C140",1,0
"C141",1,0
"C142",5,0
"C143",1,0
"C144",1,0
"C145",2,0
"C146",1,0
"C147",1,0
"C148",3,0
"C149",2,0
"C150",1,0
"C151",1,0
"C152",1,0
"C153",3,0
"C154",2,0
"C155",1,0
"C156",1,0
"C157",1,0
"C158",1,0
"C159",1,0
"C160",1,0
"C161",1,0
"C162",1,0
"C163",4,0
"C164",1,0
"C165",1,0
"C166",1,0
"C167",2,0
"C168",1,0
"C169",4,0
"C170",8,0
"C172",1,0
"C173",1,0
"C174",3,0
"C175",1,0
"C176",4,0
"C177",4,0
"C179",1,0
"C180",4,0
"C181",1,0
"C182",2,0
"C183",4,0
"C184",1,0
"C185",1,0
"C187",1,0
"C188",1,0
"C189",2,0
"C190",1,0
"C191",1,0
"C192",1,0
"C193",2,0
"C194",2,0
"C195",1,0
"C196",1,0
"C197",1,0
"C198",1,0
"C199",2,0
"C200",1,0
"C201",2,0
"C202",3,0
"C203",1,0
"C204",2,0
"C205",2,0
"C206",1,0
"C207",1,0
"C208",1,0
"C209",1,0
"C211",4,0
"C212",2,0
"C213",3,0
"C214",1,0
"C215",1,0
"C216",1,0
"C217",1,0
"C218",1,0
"C220",1,0
"C221",1,0
"C222",1,0
"C223",1,0
"C224",2,0
"C225",1,0
"C226",1,0
"C227",4,0
"C228",1,0
"C229",1,0
"C230",2,0
"C235",1,0
"C236",1,0
"C237",1,0
"C238",1,0
"C239",1,0
"C240",1,0
"C241",1,0
"C242",1,0
"C243",2,0
"C244",1,0
"C245",1,0
"C246",1,0
"C247",4,0
"C248",2,0
"C249",1,0
"C250",1,0
"C251",1,0
"C252",1,0
"C253",2,0
"C254",2,0
"C255",1,0
"C256",3,0
"C257",2,0
"C258",3,0
"C259",1,0
"C260",3,0
"C261",1,0
"C262",1,0
"C263",2,0
"C264",2,0
"C265",3,0
"C266",1,0
"C267",1,0
"C268",1,0
"C269",1,0
"C270",2,0
"C271",2,0
"C272",1,0
"C273",1,0
"C274",1,0
"C275",2,0
"C276",1,0
"C277",1,0
"C278",1,0
"C279",1,0
"C281",4,0
"C282",1,0
"C285",2,0
"C286",1,0
"C287",1,0
"C288",2,0
"C289",1,0
"C290",1,0
"C291",1,0
"C292",4,0
"C293",1,0
"C294",3,0
"C295",3,0
"C296",1,0
"C297",2,0
"C298",3,0
"C299",1,0
"C300",2,0
"C301",2,0
"C302",1,0
"C303",1,0
"C304",2,0
"C305",1,0
"C306",1,0
"C307",2,0
"C308",2,0
"C311",1,0
"C312",1,0
"C313",1,0
"C316",1,0
"C317",1,0
"C319",1,0
"C320",1,0
"C321",1,0
"C322",1,0
"C323",3,0
"C324",1,0
"C325",1,0
"C326",1,0
"C327",1,0
"C328",1,0
"C330",1,0
"C331",1,0
"C332",4,0
"C333",1,0
"C339",1,0
"C340",1,0
"C341",1,0
"C342",1,0
"C343",3,0
"C344",1,0
"C345",4,0
"C346",1,0
"C347",2,0
"C348",2,0
"C349",2,0
"C350",1,0
"C351",1,0
"C352",3,0
"C353",4,0
"C354",3,0
"C355",2,0
"C356",1,0
"C357",4,0
"C358",1,0
"C359",1,0
"C360",1,0
"C361",1,0
"C362",1,0
"C363",3,0
"C364",2,0
"C365",1,0
"C366",1,0
"C367",3,0
"C368",1,0
"C369",1,0
"C370",2,0
"C371",1,0
"C372",3,0
"C373",1,0
"C374",3,0
"C375",2,0
"C376",1,0
"C377",2,0
"C378",1,0
"C379",1,0
"C380",1,0
"C381",1,0
"C382",1,0
"C383",2,0
"C384",1,0
"C385",1,0
"C386",1,0
"C387",1,0
"C388",1,0
"C389",3,0
"C390",1,0
"C391",2,0
"C392",1,0
"C393",1,0
"C394",1,0
"C395",1,0
"C396",1,0
"C397",1,0
"C398",3,0
"C399",1,0
"C400",1,0
"C401",1,0
"C402",1,0
"C403",1,0
"C404",1,0
"C405",1,0
"C406",2,0
"C407",1,0
"C408",1,0
"C409",2,0
"C410",1,0
"C411",4,0
"C412",2,0
"C413",3,0
"C414",1,0
"C415",1,0
"C416",1,0
"C417",2,0
"C418",3,0
"C419",1,0
"C420",3,0
"C421",1,0
"C422",1,0
"C423",1,0
"C424",1,0
"C425",1,0
"C426",1,0
"C427",8,0
"C428",8,0
"C429",1,0
"C430",1,0
"C431",2,0
"C432",1,0
"C433",2,0
"C434",1,0
"C435",1,0
"C436",1,0
"C437",1,0
"C438",2,0
"C439",3,0
"C440",4,0
"C441",2,0
"C442",1,0
"C443",2,0
"C444",3,0
"C445",3,0
"C446",2,0
"C447",1,0
"C448",2,0
"C449",3,0
"C450",1,0
"C451",1,0
"C587",1,0
"C705",1,0
"C816",1,0
"C817",1,0
"C818",1,0
"C819",1,0
"C820",1,0
"C821",1,0
"C822",2,0
"C823",1,0
"C824",1,0
"C825",2,0
"C826",2,0
"C827",2,0
"C856",1,0
"C860",1,0
"C861",1,0
"C862",2,0
"C863",1,0
"C864",1,0
"C865",1,0
"C866",1,0
"C867",4,0
"C868",1,0
"C869",1,0
"C870",1,0
"C871",1,0
"C872",2,0
"C873",1,0
"C874",1,0
"C875",2,0
"C876",1,0
"C877",1,0
"C878",1,0
"C879",1,0
"C880",3,0
"C881",1,0
"C883",3,0
"C884",2,0
"C885",2,0
"C886",1,0
"C887",1,0
"C888",1,0
"C889",1,0
"C890",4,0
"C891",1,0
"C892",1,0
"C893",2,0
"C894",1,0
"C895",1,0
"C896",1,0
"C897",1,0
"C898",1,0
"C899",1,0
"C900",3,0
"C901",3,0
"C902",2,0
"C903",2,0
"C904",2,0
"C905",3,0
"C906",4,0
"C907",1,0
"C908",1,0
"C909",2,0
"C910",1,0
"C911",1,0
"C912",1,0
"C913",2,0
"C914",4,0
"C915",1,0
"C921",1,0
"C922",1,0
"C923",1,0
"C924",2,0
"C925",1,0
"C926",2,0
"C927",1,0
"C928",3,0
"C929",1,0
"C930",1,0
"C931",3,0
"C932",1,0
"C933",2,0
"C934",1,0
"C935",2,0
"C936",2,0
"C937",2,0
"C938",2,0
"C939",1,0
"C940",2,0
"C941",2,0
"C942",1,0
"C943",3,0
"C944",1,0
"C945",3,0
"C946",4,0
"C947",4,0
"C948",3,0
"C949",8,0
"C950",2,0
"C951",1,0
"C952",1,0
"C953",2,0
"C954",1,0
"C955",1,0
"C956",2,0
"C957",1,0
"C958",1,0
"C959",1,0
"C960",2,0
"C961",1,0
"C962",1,0
"C964",1,0
"C965",1,0
"C966",1,0
"C967",1,0
"C968",2,0
"C969",1,0
"C970",1,0
"C972",2,0
"C973",1,0
"C974",1,0
"C975",1,0
"C976",1,0
"C977",1,0
"C978",2,0
"C979",1,0
"C980",1,0
"C981",1,0
"C983",2,0
"C984",1,0
"C985",2,0
"C986",2,0
"C987",2,0
"C988",1,0
"C989",4,0
"C990",1,0
"C991",1,0
"C992",1,0
"C993",1,0
"C994",1,0
"C995",1,0
"C996",1,0
"C997",1,0
"C998",1,0
"C999",1,0
"D000",0,1
"D001",0,1
"D002",0,2
"D003",0,1
"D004",0,4
"D005",0,1
"D006",0,4
"D007",0,2
"D008",0,1
"D009",0,1
"D010",0,1
"D011",0,1
"D012",0,1
"D013",0,1
"D015",0,1
"D016",0,1
"D017",0,1
"D018",0,2
"D019",0,1
"D020",0,2
"D021",0,1
"D022",0,1
"D023",0,1
"D024",0,1
"D025",0,2
"D026",0,1
"D027",0,1
"D028",0,1
"D029",0,1
"D030",0,1
"D031",0,1
"D032",0,1
"D033",0,1
"D034",0,1
"D035",0,1
"D036",0,2
"D037",0,1
"D038",0,1
"D039",0,1
"D040",0,1
"D041",0,1
"D042",0,1
"D043",0,2
"D044",0,1
"D045",0,1
"D046",0,1
"D047",0,1
"D048",0,1
"D049",0,1
"D050",0,1
"D051",0,1
"D052",0,1
"D053",0,1
"D054",0,1
"D055",0,1
"D056",0,2
"D057",0,1
"D058",0,1
"D059",0,1
"D060",0,1
"D061",0,1
"D062",0,1
"D063",0,1
"D064",0,1
"D065",0,1
"D066",0,2
"D067",0,1
"D068",0,1
"D069",0,1
"D070",0,1
"D071",0,1
"D072",0,1
"D073",0,2
"D074",0,1
"D075",0,2
"D076",0,2
"D077",0,1
"D078",0,1
"D079",0,1
"D080",0,1
"D081",0,1
"D082",0,1
"D083",0,2
"D084",0,2
"D085",0,1
"D086",0,1
"D087",0,1
"D088",0,1
"D089",0,2
"D090",0,1
"D091",0,2
"D092",0,1
"D093",0,2
"D094",0,3
"D095",0,1
"D096",0,1
"D097",0,1
"D098",0,1
"D099",0,1
"D100",0,1
"D102",0,1
"D103",0,1
"D104",0,1
"D105",0,1
"D106",0,1
"D107",0,1
"D108",0,1
"D109",0,1
"D110",0,2
"D111",0,1
"D112",0,2
"D113",0,1
"D114",0,1
"D115",0,3
"D116",0,1
"D117",0,1
"D118",0,1
"D119",0,1
"D120",0,1
"D121",0,1
"D122",0,2
"D123",0,2
"D124",0,1
"D125",0,1
"D126",0,1
"D127",0,4
"D128",0,2
"D129",0,3
"D130",0,1
"D131",0,1
"D132",0,1
"D133",0,2
"D134",0,2
"D135",0,3
"D136",0,1
"D137",0,1
"D138",0,1
"D139",0,1
"D140",0,1
"D141",0,2
"D142",0,1
"D143",0,3
"D144",0,1
"D145",0,1
"D146",0,2
"D147",0,2
"D148",0,2
"D149",0,2
"D150",0,2
"D151",0,1
"D152",0,6
"D153",0,1
"D154",0,3
"D155",0,2
"D156",0,2
"D157",0,1
"D158",0,1
"D159",0,1
"D160",0,2
"D161",0,1
"D162",0,2
"D163",0,1
"D164",0,2
"D165",0,2
"D166",0,2
"D167",0,3
"D168",0,1
"D169",0,4
"D170",0,1
"D171",0,1
"D172",0,1
"D173",0,1
"D174",0,1
"D175",0,1
"D176",0,1
"D177",0,1
"D178",0,1
"D179",0,1
"D180",0,1
"D181",0,1
"D182",0,1
"D183",0,1
"D184",0,2
"D185",0,3
"D186",0,1
"D187",0,4
"D188",0,1
"D189",0,2
"D190",0,1
"D191",0,2
"D192",0,1
"D193",0,1
"D194",0,2
"D195",0,2
"D196",0,2
"D197",0,1
"D198",0,1
"D199",0,2
"D200",0,3
"D201",0,1
"D202",0,1
"D203",0,1
"D204",0,3
"D205",0,1
"D206",0,3
"D207",0,2
"D208",0,2
"D209",0,1
"D210",0,1
"D211",0,4
"D212",0,1
"D213",0,1
"D214",0,1
"D215",0,1
"D216",0,3
"D217",0,2
"D218",0,1
"D219",0,2
"D220",0,3
"D221",0,1
"D222",0,2
"D223",0,3
"D224",0,1
"D225",0,2
"D226",0,3
"D227",0,10
"D228",0,4
"D229",0,8
"D230",0,5
"D231",0,1
"D232",0,1
"D233",0,1
"D234",0,4
"D235",0,5
"D236",0,1
"D237",0,1
"D238",0,2
"D239",0,1
"D240",0,1
"D241",0,1
"D242",0,2
"D243",0,2
"D244",0,3
"D245",0,2
"D246",0,3
"D247",0,2
"D248",0,1
"D249",0,1
"D250",0,1
"D251",0,2
"D252",0,1
"D253",0,1
"D254",0,4
"D255",0,4
"D257",0,4
"D258",0,1
"D259",0,3
"D260",0,2
"D261",0,3
"D262",0,1
"D263",0,1
"D264",0,3
"D265",0,3
"D267",0,1
"D268",0,1
"D269",0,1
"D270",0,1
"D271",0,2
"D272",0,1
"D273",0,1
"D274",0,1
"D275",0,2
"D276",0,1
"D277",0,3
"D278",0,1
"D279",0,3
"D280",0,4
"D281",0,3
"D282",0,1
"D283",0,1
"D284",0,3
"D285",0,1
"D286",0,2
"D287",0,1
"D288",0,2
"D289",0,1
"D290",0,1
"D291",0,1
"D292",0,4
"D293",0,1
"D294",0,1
"D295",0,1
"D296",0,1
"D297",0,1
"D298",0,1
"D300",0,1
"D301",0,4
"D302",0,3
"D303",0,4
"D304",0,3
"D305",0,4
"D306",0,1
"D307",0,4
"D308",0,2
"D309",0,1
"D310",0,2
"D311",0,4
"D312",0,3
"D313",0,3
"D314",0,1
"D315",0,1
"D316",0,3
"D317",0,1
"D318",0,4
"D319",0,2
"D320",0,4
"D321",0,1
"D322",0,1
"D323",0,3
"D324",0,3
"D325",0,1
"D326",0,3
"D327",0,1
"D328",0,2
"D329",0,3
"D330",0,1
"D331",0,1
"D332",0,1
"D333",0,4
"D334",0,6
"D335",0,3
"D336",0,3
"D337",0,1
"D338",0,1
"D339",0,1
"D340",0,1
"D341",0,1
"D342",0,1
"D343",0,1
"D344",0,1
"D345",0,1
"D346",0,1
"D347",0,2
"D348",0,1
"D349",0,2
"D350",0,1
"D351",0,1
"D352",0,1
"D353",0,1
"D354",0,1
"D355",0,1
"D356",0,2
"D357",0,1
"D358",0,2
"D359",0,1
"D360",0,2
"D361",0,3
"D362",0,4
"D363",0,1
"D364",0,1
"D365",0,1
"D366",0,3
"D367",0,2
"D368",0,1
"D369",0,2
"D370",0,3
"D371",0,2
"D372",0,1
"D373",0,1
"D374",0,2
"D375",0,2
"D376",0,1
"D377",0,2
"D378",0,2
"D379",0,3
"D380",0,2
"D381",0,2
"D382",0,4
"D383",0,2
"D384",0,1
"D385",0,1
"D386",0,1
"D387",0,2
"D388",0,2
"D389",0,1
"D390",0,1
"D391",0,1
"D392",0,2
"D393",0,1
"D394",0,1
"D395",0,2
"D396",0,1
"D397",0,2
"D398",0,1
"D399",0,1
"D400",0,1
"D401",0,1
"D402",0,2
"D403",0,1
"D404",0,1
"D405",0,1
"D406",0,1
"D407",0,2
"D408",0,1
"D409",0,2
"D410",0,1
"D411",0,1
"D412",0,1
"D413",0,2
"D414",0,1
"D415",0,1
"D416",0,2
"D417",0,2
"D418",0,1
"D419",0,2
"D420",0,3
"D421",0,2
"D422",0,1
"D423",0,1
"D424",0,1
"D425",0,1
"D426",0,1
"D427",0,3
"D428",0,1
"D429",0,2
"D430",0,1
"D431",0,2
"D432",0,1
"D433",0,1
"D434",0,1
"D435",0,1
"D436",0,1
"D437",0,4
"D438",0,1
"D439",0,2
"D442",0,1
"D443",0,1
"D444",0,1
"D445",0,2
"D446",0,1
"D447",0,1
"D448",0,2
"D449",0,1
"D450",0,3
"D452",0,4
"D453",0,3
"D454",0,2
"D455",0,2
"D456",0,2
"D457",0,1
"D458",0,2
"D459",0,2
"D460",0,1
"D461",0,1
"D462",0,1
"D463",0,2
"D464",0,2
"D465",0,1
"D466",0,1
"D468",0,1
"D469",0,1
"D470",0,1
"D471",0,1
"D472",0,3
"D473",0,3
"D474",0,6
"D475",0,4
"D476",0,2
"D477",0,3
"D478",0,2
"D479",0,3
"D480",0,2
"D481",0,3
"D482",0,1
"D483",0,2
"D484",0,1
"D485",0,1
"D486",0,1
"D487",0,1
"D488",0,3
"D489",0,2
"D490",0,1
"D491",0,1
"D492",0,1
"D493",0,1
"D494",0,1
"D495",0,1
"D496",0,1
"D497",0,1
"D498",0,2
"D499",0,1
"D500",0,1
"D501",0,1
"D502",0,1
"D503",0,1
"D504",0,2
"D505",0,1
"D506",0,4
"D507",0,3
"D508",0,2
"D509",0,1
"D510",0,1
"D511",0,1
"D512",0,1
"D513",0,2
"D514",0,1
"D515",0,1
"D516",0,1
"D517",0,2
"D518",0,2
"D519",0,4
"D520",0,4
"D521",0,4
"D522",0,4
"D523",0,1
"D524",0,3
"D525",0,1
"D526",0,2
"D527",0,3
"D528",0,2
"D529",0,3
"D530",0,3
"D531",0,1
"D532",0,2
"D533",0,2
"D534",0,1
"D535",0,2
"D536",0,2
"D537",0,1
"D538",0,2
"D539",0,2
"D540",0,1
"D541",0,2
"D542",0,2
"D543",0,1
"D544",0,1
"D545",0,1
"D546",0,1
"D547",0,1
"D548",0,3
"D549",0,3
"D550",0,2
"D551",0,4
"D552",0,3
"D553",0,3
"D554",0,3
"D555",0,1
"D556",0,4
"D557",0,2
"D558",0,1
"D559",0,1
"D560",0,1
"D561",0,1
"D562",0,1
"D563",0,1
"D564",0,1
"D565",0,1
"D566",0,1
"D567",0,1
"D568",0,1
"D569",0,1
"D570",0,1
"D571",0,1
"D572",0,1
"D573",0,4
"D574",0,2
"D575",0,1
"D576",0,2
"D577",0,3
"D578",0,1
"D579",0,3
"D580",0,6
"D581",0,2
"D582",0,6
"D583",0,1
"D584",0,2
"D585",0,3
"D586",0,2
"D587",0,4
"D588",0,3
"D589",0,1
"D590",0,6
"D591",0,3
"D592",0,3
"D593",0,4
"D594",0,3
"D595",0,4
"D596",0,1
"D597",0,1
"D598",0,1
"D599",0,1
"D600",0,4
"D601",0,1
"D602",0,1
"D603",0,1
"D604",0,1
"D606",0,1
"D607",0,1
"D608",0,2
"D609",0,4
"D610",0,3
"D611",0,1
"D612",0,1
"D613",0,2
"D614",0,1
"D615",0,1
"D616",0,1
"D617",0,1
"D618",0,1
"D619",0,2
"D620",0,2
"D621",0,1
"D622",0,1
"D623",0,1
"D624",0,1
"D625",0,1
"D626",0,1
"D627",0,2
"D628",0,1
"D629",0,1
"D630",0,1
"D631",0,1
"D632",0,1
"D633",0,1
"D634",0,1
"D635",0,1
"D636",0,1
"D637",0,1
"D638",0,1
"D639",0,1
"D640",0,1
"D641",0,1
"D642",0,1
"D643",0,1
"D644",0,1
"D645",0,1
"D646",0,1
"D647",0,1
"D648",0,1
"D649",0,1
"D650",0,1
"D651",0,1
"D652",0,1
"D653",0,1
"D654",0,2
"D655",0,2
"D656",0,1
"D657",0,1
"D658",0,2
"D659",0,1
"D661",0,1
"D662",0,1
"D663",0,3
"D664",0,1
"D665",0,3
"D666",0,2
"D667",0,4
"D668",0,1
"D669",0,3
"D670",0,1
"D671",0,2
"D672",0,1
"D673",0,1
"D674",0,1
"D675",0,2
"D676",0,2
"D677",0,2
"D678",0,1
"D679",0,1
"D680",0,1
"D681",0,2
"D682",0,1
"D683",0,1
"D684",0,2
"D685",0,1
"D686",0,1
"D687",0,1
"D688",0,1
"D689",0,1
"D690",0,2
"D691",0,1
"D692",0,1
"D693",0,2
"D694",0,1
"D695",0,1
"D696",0,1
"D697",0,1
"D698",0,1
"D699",0,1
"D700",0,1
"D701",0,1
"D702",0,1
"D703",0,1
"D704",0,1
"D705",0,2
"D706",0,4
"D707",0,2
"D708",0,4
"D709",0,1
"D710",0,2
"D711",0,1
"D712",0,2
"D713",0,2
"D714",0,1
"D715",0,2
"D716",0,2
"D717",0,1
"D718",0,1
"D719",0,1
"D720",0,1
"D721",0,1
"D722",0,1
"D723",0,1
"D724",0,1
"D725",0,1
"D726",0,1
"D727",0,1
"D728",0,1
"D729",0,1
"D730",0,1
"D731",0,1
"D732",0,2
"D733",0,2
"D734",0,1
"D735",0,2
"D736",0,2
"D737",0,1
"D738",0,4
"D739",0,1
"D740",0,1
"D741",0,2
"D742",0,2
"D743",0,2
"D744",0,1
"D745",0,1
"D746",0,6
"D747",0,2
"D748",0,1
"D749",0,1
"D750",0,2
"D751",0,1
"D752",0,1
"D753",0,1
"D754",0,1
"D755",0,1
"D756",0,1
"D757",0,1
"D758",0,1
"D759",0,2
"D760",0,1
"D761",0,1
"D762",0,1
"D763",0,2
"D764",0,2
"D765",0,1
"D766",0,1
"D767",0,1
"D768",0,1
"D769",0,1
"D770",0,2
"D771",0,1
"D772",0,2
"D773",0,2
"D774",0,2
"D775",0,2
"D776",0,2
"D777",0,2
"D778",0,1
"D779",0,1
"D780",0,2
"D781",0,2
"D782",0,1
"D783",0,1
"D784",0,1
"D785",0,1
"D786",0,2
"D787",0,1
"D788",0,1
"D789",0,2
"D790",0,1
"D791",0,1
"D792",0,1
"D793",0,1
"D794",0,1
"D795",0,1
"D796",0,1
"D797",0,2
"D798",0,2
"D799",0,2
"D800",0,3
"D801",0,2
"D802",0,2
"D803",0,1
"D804",0,1
"D805",0,1
"D806",0,1
"D807",0,1
"D808",0,1
"D809",0,1
"D810",0,1
"D811",0,1
"D812",0,2
"D813",0,2
"D814",0,1
"D815",0,1
"D816",0,1
"D817",0,1
"D818",0,1
"D819",0,2
"D821",0,2
"D822",0,1
"D823",0,2
"D824",0,1
"D825",0,2
"D826",0,2
"D827",0,2
"D828",0,3
"D829",0,2
"D830",0,1
"D831",0,1
"D832",0,1
"D833",0,1
"D834",0,1
"D835",0,1
"D836",0,1
"D837",0,2
"D838",0,1
"D839",0,1
"D840",0,1
"D841",0,1
"D842",0,1
"D843",0,1
"D844",0,1
"D845",0,1
"D847",0,1
"D848",0,4
"D849",0,1
"D850",0,1
"D851",0,1
"D852",0,1
"D853",0,1
"D854",0,1
"D855",0,1
"D856",0,1
"D857",0,1
"D858",0,1
"D859",0,1
"D860",0,1
"D861",0,1
"D862",0,1
"D863",0,1
"D864",0,1
"D865",0,1
"D866",0,1
"D867",0,1
"D868",0,1
"D869",0,1
"D870",0,1
"D871",0,1
"D872",0,1
"D873",0,1
"D874",0,1
"D875",0,1
"D876",0,1
"D877",0,1
"D878",0,1
"D879",0,1
"D880",0,1
"D881",0,1
"D882",0,1
"D883",0,1
"D884",0,1
"D885",0,1
"D886",0,1
"D887",0,1
"D888",0,1
"D889",0,1
"D890",0,1
"D891",0,1
"D892",0,1
"D893",0,1
"D894",0,1
"D895",0,1
"D896",0,1
"D897",0,1
"D898",0,1
"D899",0,1
"D900",0,1
"D901",0,1
"D902",0,1
"D903",0,1
"D904",0,1
"D905",0,2
"D906",0,1
"D908",0,1
"D909",0,1
"D910",0,1
"D911",0,1
"D912",0,1
"D913",0,1
"D915",0,1
"D916",0,1
"D922",0,1
"D923",0,1
"D924",0,1
"D925",0,1
"D926",0,1
"D927",0,1
"D928",0,1
"D929",0,1
"D930",0,1
"D931",0,1
"D932",0,1
"D933",0,1
"D934",0,1
"D941",0,1
"D942",0,1
"D943",0,1
"D945",0,1
"D946",0,1
"D947",0,1
"D950",0,1
"D951",0,1
"D952",0,1
"D953",0,1
"D954",0,1
"D957",0,1
"D958",0,1
"D959",0,4
"D960",0,1
"D961",0,1
"D962",0,1
"D963",0,1
"D964",0,1
"D965",0,1
"D966",0,1
"D979",0,1
"D980",0,1
"D981",0,1
"D982",0,1
"D983",0,1
"D984",0,1
"D985",0,1
"D986",0,1
"D987",0,4
"D988",0,1
"D989",0,1
"D990",0,1
"D991",0,1
"D992",0,1
"D993",0,1
"D994",0,1
"D995",0,1
"D996",0,1
"D997",0,1
"D998",0,1
"D999",0,1
"H000",1,0
"H003",1,0
"H004",1,0
"H005",1,0
"H006",1,0
"H007",1,0
"H011",1,0
"H012",1,0
"H013",1,0
"H015",1,0
"H016",1,0
"H017",1,0
"H018",2,0
"H020",2,0
"H021",2,0
"H022",1,0
"H023",1,0
"H024",1,0
"H025",1,0
"H027",1,0
"H028",1,0
"H030",1,0
"H031",1,0
"H032",1,0
"H033",1,0
"H034",1,0
"H035",1,0
"H036",1,0
"H037",1,0
"H038",1,0
"H039",1,0
"H040",1,0
"H041",1,0
"H042",1,0
"H043",1,0
"H045",1,0
"H046",1,0
"H047",1,0
"H048",1,0
"H049",1,0
"H050",1,0
"H051",1,0
"H052",1,0
"H053",1,0
"H054",1,0
"H055",1,0
"H056",1,0
"H057",1,0
"H058",1,0
"H059",1,0
"H060",1,0
"H061",1,0
"H062",1,0
"H063",1,0
"H064",2,0
"H065",2,0
"H066",1,0
"H067",1,0
"H068",1,0
"H070",2,0
"H071",1,0
"H072",1,0
"H073",1,0
"H074",2,0
"H075",1,0
"H076",1,0
"H077",1,0
"H078",1,0
"H080",1,0
"H081",1,0
"H082",1,0
"H083",1,0
"H091",1,0
"H092",1,0
"H093",1,0
"H095",1,0
"H096",4,0
"H097",1,0
"H098",1,0
"H099",1,0
"H100",1,0
"H101",1,0
"H102",1,0
"H103",1,0
"H104",1,0
"H105",1,0
"H106",1,0
"H107",1,0
"H108",1,0
"H109",1,0
"H110",1,0
"H111",1,0
"H112",1,0
"H113",1,0
"H119",1,0
"H124",1,0
"H139",1,0
"H140",1,0
"H141",1,0
"H142",1,0
"H143",1,0
"H153",1,0
"H154",1,0
"H156",1,0
"H157",1,0
"H158",1,0
"H160",1,0
"H679",1,0
"J045",0,1
"J320",0,1
"J321",0,1
"J322",0,1
"J323",0,1
"J333",0,1
"J334",0,1
"J335",0,1
"J336",0,1
"J393",0,1
"J395",0,1
"J396",0,1
"J397",0,1
"J398",0,1
"J399",0,1
"J400",0,1
"J401",0,1
"J402",0,1
"J403",0,1
"J404",0,1
"J405",0,1
"J418",0,1
"J436",0,1
"J439",0,1
"J440",0,1
"J441",0,1
"J442",0,1
"J443",0,1
"J444",0,1
"J445",0,1
"J446",0,1
"J447",0,1
"J448",0,1
"J449",0,1
"J450",0,1
"J464",0,1
"J465",0,1
"J480",0,1
"J482",0,1
"J483",0,1
"J484",0,1
"J485",0,1
"J486",0,1
"J487",0,1
"J490",0,1
"J491",0,1
"J492",0,1
"J493",0,1
"J494",0,1
"J495",0,1
"J496",0,1
"J497",0,1
"J498",0,1
"J499",0,1
"J500",0,1
"J501",0,1
"J502",0,1
"J503",0,1
"J504",0,1
"J505",0,1
"J506",0,1
"J507",0,4
"J508",0,1
"J510",0,1
"J511",0,1
"J512",0,1
"J513",0,1
"J514",0,1
"J515",0,1
"J516",0,1
"J517",0,1
"J518",0,1
"J519",0,1
"J520",0,1
"J521",0,1
"J522",0,1
"J523",0,1
"J524",0,1
"J525",0,1
"J526",0,1
"J527",0,1
"J528",0,1
"J529",0,1
"J530",0,1
"J531",0,1
"J532",0,1
"J533",0,1
"J534",0,1
"J535",0,1
"J536",0,1
"J537",0,1
"J538",0,1
"J539",0,1
"J540",0,1
"J541",0,1
"J542",0,1
"J543",0,1
"J544",0,1
"J545",0,1
"J546",0,1
"J547",0,1
"J548",0,1
"J549",0,1
"J550",0,1
"J551",0,1
"J552",0,1
"J553",0,1
"J554",0,1
"J561",0,1
"J562",0,1
"J563",0,1
"J564",0,1
"J580",0,1
"J581",0,1
"J582",0,1
"J583",0,1
"J584",0,1
"J585",0,1
"J586",0,1
"J589",0,1
"J590",0,1
"J591",0,1
"J592",0,1
"J593",0,1
"J594",0,1
"J595",0,1
